表示順,区分,グループ,タイトル,補足,リンク,表示,メモ,ボタンの文字
20,講座期間中,講座の基本,学習場所,Wi-Fi、充電が可能,,TRUE,アスナロウ荘・スクエアシップ・Omusubi。リンクにはGoogleサイトの「学習場所」ページのURLを入れる
25,講座期間中,講座の基本,託児,2施設を無料で利用（事前予約が必要）,,TRUE,リンクにはGoogleサイトの「託児」ページのURLを入れる
30,講座期間中,講座の基本,カリキュラム,オンライン学習の内容（PDF）,,TRUE,ドライブのPDFのリンクを入れる
40,講座期間中,講座の基本,学習DAY,Slackの使い方／11/8(日) 20:00〜,,TRUE,例として入れた内容。Zoomのリンクを入れると「参加する」が押せる,参加する
50,講座期間中,個別フォローアップ,個別フォローアップ①,第1回対面講座（11/1）のあと1か月以内,,TRUE,申し込み方法を確認
60,講座期間中,個別フォローアップ,個別フォローアップ②,第3回対面講座（1/17）のあと,,TRUE,期間・申し込み方法を確認
110,講座期間中,対面講座①,写真,,,FALSE,
120,講座期間中,対面講座①,当日のテキスト,,,FALSE,
130,講座期間中,対面講座①,YouTubeアーカイブ,,,FALSE,
210,講座期間中,対面講座②,写真,,,FALSE,
220,講座期間中,対面講座②,当日のテキスト,,,FALSE,
230,講座期間中,対面講座②,YouTubeアーカイブ,,,FALSE,
310,講座期間中,対面講座③,写真,,,FALSE,
320,講座期間中,対面講座③,当日のテキスト,,,FALSE,
330,講座期間中,対面講座③,YouTubeアーカイブ,,,FALSE,
410,講座期間中,対面講座④,写真,,,FALSE,
420,講座期間中,対面講座④,当日のテキスト,,,FALSE,
430,講座期間中,対面講座④,YouTubeアーカイブ,,,FALSE,
510,講座期間中,対面講座⑤,写真,,,FALSE,
520,講座期間中,対面講座⑤,当日のテキスト,,,FALSE,
530,講座期間中,対面講座⑤,YouTubeアーカイブ,,,FALSE,
900,修了後,ライフキャリア相談,ライフキャリア相談,修了生かつ希望者が対象,,TRUE,期間と申し込み方法を確認
