質問,キーワード,答え,表示,メモ（事務局向け）
どんな講座ですか？,"どんな講座,内容,何を学ぶ,概要","生成AIを活用した広報を学ぶ、女性向けの4か月のプログラムです。マーケティングの基礎、画像や動画の制作、投稿の分析・改善、生成AIやAIコーディングを使った効率化を学びます。プログラミングを覚える必要はありません。",,【講座全体】チラシより
講座の期間はいつからいつまで？,"期間,いつまで,何か月,開講,修了","2026年11月1日（日）から2027年2月28日（日）までの4か月間です。",,【講座全体】チラシより
講座の日程を教えて,"日程,スケジュール,いつ,何日,日にち,対面講座,次の講座","対面講座は全部で5回（すべて日曜日）。
① 11/1 10:00〜13:00 オリエンテーション
② 12/13 10:00〜15:00 実践ワークショップ
③ 1/17 10:00〜12:30 実践ワークショップ
④ 2/7 10:00〜12:30 卒業プロジェクト・キックオフ
⑤ 2/28 10:00〜13:00 発表会／修了式",,【講座全体】チラシより
会場はどこですか？,"会場,場所,どこ,公民館",対面講座の会場は新月公民館です。,,【講座全体】チラシより
駐車場はありますか？,"駐車場,車,停め,駐車",【要確認】,非表示,【講座全体】新月公民館の駐車場の有無・台数
対面講座の持ち物は？,"持ち物,持って,必要なもの,準備",【要確認】,非表示,【講座全体】パソコン・充電器・スマホ・筆記用具など。回ごとに違うなら回ごとに
お昼ごはんはどうなりますか？,"昼,ランチ,お弁当,ごはん,食事",【要確認】,非表示,【講座全体】ランチ交流は第1回・第2回・第5回。持参か用意か、費用は要確認
服装に決まりはありますか？,"服装,服,格好",【要確認】,非表示,【講座全体】
オンライン学習はどうやるの？,"udemy,ユーデミー,オンライン,動画,学習,勉強","オンライン学習は「Udemy Business」で、11/1〜2/27の期間に進めます。動画は約40時間、演習は約30時間で、週3〜5時間が目安です。パソコンやスマホでいつでも学べます。",,【オンライン学習】チラシより
Udemy Businessにログインできません,"ログイン,入れない,パスワード,アカウント,招待",【要確認】,非表示,【オンライン学習】招待メールの件名・届かないときの確認先・パスワード再設定の方法
Udemyがうまく操作できません,"操作,うまくいかない,できない,動かな,再生,止ま,エラー,固ま","まずは次のことを試してみてね。
・ページを再読み込みする
・Google Chromeで開き直す
・インターネットにつながっているか確かめる
それでもうまくいかないときは、困っている画面のスクリーンショット（スクショ）を撮って、事務局のLINEに送ってね。「どの画面で、何をしようとしたか」も一緒に書いてくれると、早く答えられるよ。",,【オンライン学習】これまでLINEでスクショを送ってもらって対応していた流れ
スクリーンショット（スクショ）の撮り方は？,"スクショ,スクリーンショット,画面の写真,画面を撮る,キャプチャ","機種ごとの撮り方だよ。
・iPhone（ホームボタンなし）：右側のボタンと音量を上げるボタンを同時に押す
・iPhone（ホームボタンあり）：ホームボタンと右側（または上）のボタンを同時に押す
・Android：電源ボタンと音量を下げるボタンを同時に押す（機種によってちがうことがあるよ）
・Windowsのパソコン：「Windowsキー」＋「Shift」＋「S」を押して、撮りたい範囲を選ぶ
・Mac：「command」＋「shift」＋「4」を押して、撮りたい範囲を選ぶ
撮ったスクショは、事務局のLINEに送ってね。",,【オンライン学習】名前やメールアドレスが写っていても、事務局のLINEなら大丈夫か要検討
どの動画から見ればいいですか？,"どの動画,順番,コース,どれから",【要確認】,非表示,【オンライン学習】受講するコースの一覧・順番
オンライン学習が遅れてしまいました,"遅れ,追いつけ,間に合わ,進まない,ついていけ",【要確認】,非表示,【オンライン学習】遅れたときのフォロー（学習サポートへの相談など）
学習サポートはありますか？,"学習サポート,サポート,伴走,わからない","一人ひとりの状況をヒアリングしながら、学習を伴走するサポートがあります。",,【オンライン学習】チラシより。相談の申し込み方法があれば追記
託児はありますか？,"託児,子ども,子供,こども,預け,保育,赤ちゃん","対面講座の日は、気仙沼市内の託児施設で無料の一時預かりを利用できます。事前の申し込みが必要です。",,【託児】チラシより。申し込み方法（フォーム）を追記
託児の申し込みはいつまで？,"託児の締切,いつまで,何日前",【要確認】,非表示,【託児】申し込みの締切（講座の何日前か）
託児は何歳から預けられますか？,"何歳,年齢,乳児",【要確認】,非表示,【託児】対象年齢
対面講座以外の日も子どもを預けられますか？,"学習場所,学習スペース,一時預かり,自習","気仙沼市内の託児施設の一時預かりと、学習スペースを無料で利用できます。",,【託児】チラシより。利用できる日・申し込み方法を要確認
パソコンを借りられますか？,"パソコン,pc,貸出,貸し出し,借り,ノート",希望する人には、パソコンを無料で貸し出しています。,,【パソコン・スマホ】チラシより。申し込み方法・返却時期を追記
自分のパソコンを使う場合の条件は？,"自分のパソコン,条件,スペック,windows,mac,メモリ","インターネットにつながるパソコン（Windows 10以降またはMac、メモリ8GB以上がおすすめ）、動画を見られる安定したインターネット回線、Google Chromeなどの新しいブラウザが必要です。",,【パソコン・スマホ】チラシより
スマホは必要？,"スマホ,スマートフォン,iphone,android,アンドロイド,携帯,撮影","動画の撮影や編集で、スマートフォン（iPhone 12以降、またはAndroidの上位機種がおすすめ）を使います。持っていない場合は、事務局に相談してください。",,【パソコン・スマホ】チラシより
家にインターネットがありません,"ネット,wifi,ワイファイ,回線,インターネット",【要確認】,非表示,【パソコン・スマホ】Wi-Fi貸出の有無・学習スペースの案内
卒業プロジェクトって何？,"卒業プロジェクト,プロジェクト,企業,チーム,発表","地元企業のリアルな課題に、チームで取り組みます。企画から動画・SNS投稿の制作、AIを使ったコーディングなどに挑戦し、2/28の発表会で発表します。2/7の対面講座でキックオフします。",,【課題・卒業プロジェクト】チラシより
宿題や課題はありますか？,"宿題,課題,提出,締切",【要確認】,非表示,【課題・卒業プロジェクト】課題の有無・提出方法・締切の確認先
対面講座を休むときは？,"休む,欠席,休み,行けない,出られない",【要確認】,非表示,【欠席・遅刻】連絡方法（フォーム／LINE）といつまでに
遅刻しそうなときは？,"遅刻,遅れる,間に合わない",【要確認】,非表示,【欠席・遅刻】当日の連絡先
休んだ回の内容はどうなりますか？,"休んだ,欠席した,資料,録画,フォロー",【要確認】,非表示,【欠席・遅刻】資料の共有・録画の有無
修了の条件はありますか？,"修了,条件,修了証,卒業",【要確認】,非表示,【修了・その後】出席や課題の条件・修了証の有無
キャリアの相談はできますか？,"キャリア,相談,仕事,就職,働き方,転職","キャリアの相談員に、これからの働き方を個別に相談できます（ライフキャリア相談）。",,【修了・その後】チラシより。予約方法を追記
講座が終わったあとのサポートは？,"終わったあと,修了後,求人,その後","講座終了後も、キャリア相談や求人情報など、働き方を考えるサポートがあります。",,【修了・その後】チラシより
参加費はいくらですか？,"参加費,費用,料金,いくら","参加費は15,000円（税込）です。",,【お金・連絡】チラシより。支払い方法・期限は個別なのでLINE案内でよいか要検討
問い合わせ先は？,"問い合わせ,連絡先,電話,メール,事務局","NPO法人ウィメンズアイ（デジカレ事務局）
メール：digitalcollegeup@gmail.com
電話：070-9041-6328",,【お金・連絡】チラシより
受講生サイトにログインできません,"サイト,見られない,開けない",【要確認】,非表示,【お金・連絡】メンターに聞くログイン方式が決まったら
